Mês,Evento,Categoria
Janeiro,1 de janeiro — Fim do mandato de Jair Bolsonaro como Presidente do Brasil e início do segundo governo e terceiro mandato de Luiz Inácio Lula da Silva.,Política
Janeiro,"7 de janeiro — Após quatro dias de impasse, Kevin McCarthy elege-se como Presidente da Câmara dos Representantes dos Estados Unidos.",Política
Janeiro,"16 de janeiro — Em Palermo, Itália, o capo italiano Matteo Messina, líder da poderosa organização criminosa Cosa Nostra, é capturado pela polícia italiana.",Política
Janeiro,"18 de janeiro — Nguyễn Xuân Phúc renúncia ao cargo de presidente do Vietnã, devido a escândalos de corrupção; e Võ Thị Ánh Xuân assume a presidência.",Política
Janeiro,22 de janeiro — Chris Hipkins é escolhido para suceder Jacinda Ardern como primeiro-ministro da Nova Zelândia.,Política
Janeiro,"25 de janeiro — Grupo Helsinque de Moscou, o mais antigo grupo de direitos humanos da Rússia, é dissolvido por ordem judicial.",Política
Janeiro,"28 de janeiro — Petr Pavel é eleito presidente da República Tcheca, ao derrotar Andrej Babiš com 58 por cento dos votos.",Política
Janeiro,1 de janeiro — Croácia adota o Euro como moeda oficial e se torna o 20.º estado-membro da Zona Euro.,Economia
Janeiro,"1 de janeiro — Entram em domínio público nos Estados Unidos os livros To the Lighthouse (de Virginia Woolf) e Men Without Women (de Ernest Hemingway), e o filme Metrópolis (dirigido por Fritz Lang), assim como outras obras publicadas em 1927.",Arte
Janeiro,"3 de janeiro — Morre, aos 90 anos, o último astronauta sobrevivente da missão Apollo 7, Walter Cunningham.",Falecimentos e Nascimentos
Janeiro,"6 de janeiro — Morre, aos 58 anos, o futebolista italiano e treinador, Gianluca Vialli.",Falecimentos e Nascimentos
Janeiro,"8 de janeiro — Morre, aos 68 anos, o futebolista e político brasileiro Roberto Dinamite.",Falecimentos e Nascimentos
Janeiro,"10 de janeiro — Constantino II da Grécia, último rei da Grécia, morre aos 82 anos.",Falecimentos e Nascimentos
Janeiro,"12 de janeiro — A cantora Lisa Marie Presley, filha de Elvis Presley, morre aos 54 anos.",Falecimentos e Nascimentos
Janeiro,"17 de janeiro — A freira supercentenária Lucile Randon, que até então era conhecida como a mulher mais longeva do mundo, morre com 118 anos e 340 dias.",Falecimentos e Nascimentos
Janeiro,"28 de janeiro — O Palmeiras se torna campeão da Supercopa do Brasil de 2023 após vencer o Flamengo por 4 a 3, conquistando seu primeiro título da competição. O jogo foi realizado no Estádio Mané Garrincha, em Brasília, no Brasil.",Esporte
Janeiro,"29 de janeiro — O tenista sérvio Novak Djokovic vence o Aberto da Austrália de 2023, depois de derrotar na final o grego Stefanos Tsitsipas, e empata com o espanhol Rafael Nadal no número de títulos do Grand Slam.",Esporte
Janeiro,8 de janeiro — Ataques às sedes dos Três Poderes brasileiros em Brasília por grupos criminosos e terroristas bolsonaristas. Cerca de 1 400 pessoas foram presas.,Desastres
Janeiro,8 de janeiro — Brasília sofre intervenção federal na segurança devido aos atos terroristas de Bolsonaristas à sede dos três poderes.,Desastres
Janeiro,"15 de janeiro — Voo Yeti Airlines 691 cai nas proximidades de Pokhara, Nepal, deixando mortas todas as 72 pessoas que estavam a bordo.",Desastres
Janeiro,"18 de janeiro — Acidente de helicóptero em Kiev, Ucrânia, resulta na morte de pelo menos 14 pessoas, incluindo o Ministro do Interior Dennis Monastyrsky.",Desastres
Janeiro,"21 de janeiro — Tiroteio em massa em celebração do Ano-Novo Chinês, em Monterey Park, Califórnia, Estados Unidos, resulta na morte de onze pessoas e deixa outras nove feridas.",Desastres
Janeiro,"21 de janeiro — O governo peruano fecha a entrada a Machu Picchu indefinidamente devido a protestos pela renúncia da presidente Dina Boluarte, que deixaram 46 mortos.",Desastres
Janeiro,"27 de janeiro — Ataque palestino a sinagoga em Jerusalém resulta na morte de sete civis, após ataque israelense a campo de refugiados em Jenin matar nove palestinos, incluindo dois civis.",Desastres
Janeiro,27 de janeiro — Ataque armado à embaixada do Azerbaijão no Irã deixa uma pessoa morta e outras duas feridas.,Desastres
Janeiro,"27 de janeiro — A Organização para a Proibição de Armas Químicas concluiu que o ataque químico de 2018 em Douma, na Síria, foi perpetrado pelo Exército Sírio.",Desastres
Janeiro,"29 de janeiro — O ministério da defesa do Irã relata ataques de drones a uma fábrica de munições em Isfahan, em meio a outras explosões e incêndios no país.",Desastres
Janeiro,"30 de janeiro — Um ataque suicida islâmico deixa pelo menos 100 mortos e 220 feridos em mesquita de Pexauar, Khyber Pakhtunkhwa, Paquistão.",Desastres
Janeiro,"30 de janeiro — Inicia-se uma onda de incêndios florestais no sul do Chile, que consome centenas de hectares em três regiões do país e mata 24 pessoas, além de deixar quase mil feridas.",Ecossistema
Janeiro,10 de janeiro — Microsoft encerra o suporte ao sistema operacional Windows 8.1.,Ciência e Tecnologia
Janeiro,"18 de janeiro — O Google encerra o Google Stadia, com o dinheiro devolvido dos jogadores.",Ciência e Tecnologia
Janeiro,24 de janeiro — Cientistas atualizam o Relógio do Juízo Final de 100 segundos para 90 segundos.,Ciência e Tecnologia
Janeiro,"8 de janeiro — China reabre suas fronteiras para turistas, marcando o fim das restrições de viagens iniciadas em março de 2020 por causa da pandemia da COVID-19.",Turismo
Janeiro,"31 de janeiro — O Papa Francisco chega em Kinshasa para uma visita à República Democrática do Congo, a primeira visita papal ao país desde 1985, viajando para o Sudão do Sul em seguida.",Turismo
Fevereiro,3 de fevereiro — O governo do Paquistão bloqueia Wikipédia do país por 'conteúdo blasfemo'.,Política
Fevereiro,"4 de fevereiro — Suposto balão de espionagem chinês, que sobrevoava pelo Canadá e Estados Unidos, é abatido pela Força Aérea dos Estados Unidos.",Política
Fevereiro,"10 de fevereiro — Após a renúncia de Natalia Gavrilița, Dorin Recean é nomeado primeiro-ministro da Moldávia.",Política
Fevereiro,"14 de fevereiro — O Parlamento Europeu aprova a proibição da venda de novos veículos a gasolina e diesel na União Europeia a partir de 2035, citando a necessidade de combater as alterações climáticas na Europa e promover os veículos elétricos.",Política
Fevereiro,3 de fevereiro — A cantora americana Beyoncé conquista seu 32º troféu no Grammy e ultrapassa o maestro húngaro Georg Solti (que recebeu 31 troféus) no número de Grammys ganhos.,Arte
Fevereiro,"19 de fevereiro — No British Academy Film Awards, Im Westen nichts Neues vence sete prêmios, incluindo o de Melhor Filme.",Arte
Fevereiro,"5 de fevereiro — Pervez Musharraf, 10.º presidente do Paquistão, morre aos 79 anos.",Falecimentos e Nascimentos
Fevereiro,"8 de fevereiro — LeBron James supera Kareem Abdul-Jabbar, tornando-se o maior cestinha de todos os tempos da NBA.",Esporte
Fevereiro,"11 de fevereiro — Real Madrid é campeão da Copa do Mundo de Clubes da FIFA de 2022, derrotando o Al-Hilal no Estádio Príncipe Moulay Abdellah.",Esporte
Fevereiro,12 de fevereiro — Nikos Christodoulides eleito presidente de Chipre.,Esporte
Fevereiro,"28 de fevereiro — Independiente del Valle sagra-se campeão da Recopa Sul-Americana, após vencer o Flamengo nos pênaltis no Estádio Jornalista Mário Filho.",Esporte
Fevereiro,"3 de fevereiro — Porta-aviões brasileiro NAe São Paulo (A-12), maior navio de guerra do hemisfério sul, é afundado no oceano Atlântico.",Desastres
Fevereiro,6 de fevereiro — Dois sismos na Turquia e Síria causam pelo menos 53 mil mortes e deixam mais de 122 mil feridos.,Desastres
Fevereiro,"15 de fevereiro — Acidente de ônibus em Gualaca, no Panamá, mata pelo menos 39 pessoas e deixa outras 30 feridas.",Desastres
Fevereiro,"19 de fevereiro — Enchentes e deslizamentos no estado de São Paulo, no Brasil, deixam várias cidades em estado de calamidade e 65 mortes.",Desastres
Fevereiro,"26 de fevereiro — Naufrágio na costa da Calábria, Itália, resulta na morte de pelo menos 65 migrantes.",Desastres
Fevereiro,"28 de fevereiro — Acidente ferroviário em Tessália, Grécia, mata pelo menos 40 pessoas e deixa outras 85 feridas.",Desastres
Fevereiro,16 de fevereiro — Incêndios florestais no Chile causam 24 mortes e deixam mais de dois mil feridos.,Ecossistema
Fevereiro,17 de fevereiro — Ciclone Gabrielle causa danos generalizados e inundações na Nova Zelândia.,Ecossistema
Fevereiro,"23 de fevereiro — Sismo de magnitude 6,8 a 7,2 atinge o Tajiquistão e parte da China.",Ecossistema
Fevereiro,1 de fevereiro — Cometa verde C/2022 E3 (ZTF) atinge seu perigeu com a Terra.,Ciência e Tecnologia
Fevereiro,"2 de fevereiro — Bobi, da raça Rafeiro do Alentejo, de Conqueiros, Portugal, é certificado como cão de maior longevidade da história.",Ciência e Tecnologia
Fevereiro,10 de fevereiro — Os EUA abatem um objeto voador não identificado que sobrevoava a costa do Alasca.,Ciência e Tecnologia
Fevereiro,"20 de fevereiro — Em Düsseldorf, Alemanha, é confirmado o terceiro caso de um doente curado do HIV/AIDS após ter sido submetido a um transplante de células estaminais.",Ciência e Tecnologia
Fevereiro,"20 de fevereiro — O presidente dos Estados Unidos, Joe Biden, visita pela primeira vez à Ucrânia após o início da invasão da Ucrânia pela Rússia.",Turismo
Março,"1 de março — Bola Tinubu, do partido governante Congresso de Todos os Progressistas, é eleito presidente da Nigéria.",Política
Março,2 de março — Võ Văn Thưởng assume cargo de presidente do Vietnã.,Política
Março,"5 de março — Nas eleições parlamentares da Estônia, o Partido Reformista, liderado por Kaja Kallas, conquista o maior número de assentos no Riigikogu.",Política
Março,7 de março — Israel destrói parte do aeroporto internacional de Alepo após suspeitas de armazenamento de armamento iraniano.,Política
Março,10 de março — Xi Jinping é reeleito por unanimidade para um terceiro mandato como Presidente da República Popular da China.,Política
Março,14 de março — Facções criminosas orquestram ataques e rebeliões em cidades no Rio Grande do Norte.,Política
Março,"17 de março — O Tribunal Penal Internacional emite um mandado de prisão para o presidente russo, Vladimir Putin, por crimes de guerra cometidos na invasão russa da Ucrânia e no rapto de crianças ucranianas.",Política
Março,30 de março — A Finlândia se torna o trigésimo-primeiro país a aderir a OTAN após a Turquia aprovar a entrada do país na organização.,Política
Março,"10 de março — O Silicon Valley Bank (SVB), principal banco para startups de tecnologia dos Estados Unidos, quebra, na segunda maior falência do setor bancário do país",Economia
Março,"29 de março — O Brasil e a China assinam um acordo para negociar em suas próprias moedas, deixando de usar o dólar americano como intermediário.",Economia
Março,"12 de março — Everything Everywhere All at Once vence sete estatuetas na 95° edição do Oscar, incluindo Melhor Filme.",Arte
Março,"24 de março — No Japão, o último episódio do anime Pokémon com Ash Ketchum e Pikachu como personagens principais é transmitido na TV Tokyo, após 25 temporadas e 26 anos de transmissão, concluindo assim um ciclo importante na história do anime.",Arte
Março,"1 de março — Just Fontaine, maior artilheiro em uma única edição de Copa do Mundo com 13 gols, morre aos 89 anos.",Falecimentos e Nascimentos
Março,21 de março — O Japão derrotou os Estados Unidos no Clássico Mundial de Beisebol e conquistou seu 3° título mundial.,Esporte
Março,"23 de março — A World Athletics, órgão regulador global do atletismo, proíbe mulheres trans que passaram pela puberdade masculina de competir em eventos femininos.",Esporte
Março,29 de março — A Indonésia perde o direito de sediar a Copa do Mundo FIFA Sub-20 de 2023 por não aceitar receber a seleção de Israel como um ato de apoio à Palestina e por relações não amistosas entre os dois países.,Esporte
Março,"9 de março — Tiroteio em salão das Testemunhas de Jeová em Hamburgo, Alemanha, causa a morte de sete pessoas e deixa outras oito feridas em estado crítico.",Desastres
Março,"27 de março — Atentado em colégio cristão em Nashville, nos Estados Unidos, mata seis pessoas. A atiradora, identificada como Audrey Hale, está entre os mortos.",Desastres
Março,28 de março — Brasil atinge a marca de 700 mil mortos pela Covid-19.,Desastres
Março,"28 de março — Incêndio em centro de detenção para imigrantes ilegais na cidade de Ciudad Juárez, no México, mata ao menos 39 pessoas e deixa outras 29 feridas.",Desastres
Março,"2 de março — Ciclone Freddy deixa ao menos 29 mortos em Madagáscar, Moçambique e Zimbábue.",Ecossistema
Março,"25 de março — Tornado registrado no estado do Mississipi, Estados Unidos, mata 25 pessoas.",Ecossistema
Março,"21 de março — O Google lançou o Google Bard, cujo lançamento parece uma resposta para o ChatGPT.",Ciência e Tecnologia
Março,23 de março — Google desativa o aplicativo Google Street View.,Ciência e Tecnologia
Abril,"2 de abril — Em meio a uma onda de insegurança, o Equador declara estado de emergência e o governo equatoriano autoriza a posse e porte de armas para civis para defesa pessoal.",Política
Abril,"15 de abril — Ocorre uma tentativa de golpe de Estado no Sudão, onde paramilitares do país reivindicam o controle do palácio presidencial e do Aeroporto Internacional de Cartum (capital) após tiroteios e explosões em meio ao aumento da rivalidade entre generais que participaram do golpe de Estado de 2021.",Política
Abril,"26 de abril — São criadas a CPMI do Golpe no Congresso Nacional, as CPIs da Manipulação do Futebol, MST e a CPI da Americanas na Câmara dos Deputados, que investigarão os ataques e financiamentos de vandalismo dos Três Poderes no Brasil em 8 de janeiro, as denúncias do MP-GO sobre o recebimento de dinheiro de apostadores para alterar resultados de jogos de futebol, o rombo contábil das Lojas Americanas e as invasões de áreas rurais feitas pelo Movimento dos Sem Terra.",Política
Abril,"11 de abril — Guerra civil de Mianmar: Na aldeia de Pazigyi, pelo menos 165 pessoas são mortas pela Força Aérea de Mianmar durante as celebrações de abertura de um gabinete administrativo da Força de Defesa Popular.",Desastres
Abril,"14 de abril — O Jupiter Icy Moons Explorer (JUICE) é lançado pela Agência Espacial Europeia (ESA) para procurar vida no sistema joviano, com Mês de chegada prevista para 2031.",Ciência e Tecnologia
Abril,"15 de abril — A energia nuclear na Alemanha é abolida depois de 60 anos, com o fechamento das últimas centrais nucleares.",Ciência e Tecnologia
Abril,"20 de abril — SpaceX realiza o primeiro voo do Starship, que resulta na destruição do foguete minutos após o lançamento.",Ciência e Tecnologia
Abril,"29 de abril — Pela primeira vez na história, a Índia ultrapassou a China em termos de população.",Ciência e Tecnologia
Abril,"A coroação de Carlos III do Reino Unido, na Abadia de Westminster, em Londres.",Política
Abril,A Síria é readmitida na Liga Árabe após ter sido suspensa desde 2011.,Política
Abril,"No segundo turno das eleições presidenciais da Turquia, o atual presidente Recep Tayyip Erdoğan vence o líder da oposição Kemal Kılıçdaroğlu e é reeleito presidente do país.",Política
Abril,"Realizam-se as eleições presidenciais letãs de 2023; Edgars Rinkēvičs é eleito Presidente da Letônia, sendo o primeiro presidente assumidamente gay de um país da União Europeia.",Política
Abril,O Regime de Daniel Ortega congela contas bancárias da Igreja Católica da Nicarágua.,Economia
Maio,"9 à 13 de maio — Realização do 67.º Festival Eurovisão da Canção em Liverpool, Reino Unido, tendo como o país vencedor a Suécia.",Arte
Maio,"8 de maio — Morre, aos 75 anos, a cantora Rita Lee conhecida como a Rainha do rock brasileiro.",Falecimentos e Nascimentos
Maio,"21 de maio — Morre, aos 58 anos, o ator Ray Stevenson.",Falecimentos e Nascimentos
Maio,"24 de maio — Morre, aos 83 anos, a cantora e dançarina Tina Turner.",Falecimentos e Nascimentos
Maio,"31 de maio — O Sevilla é campeão da Liga Europa da UEFA de 2022–23 após vencer a Roma nas penalidades, se tornando heptacampeão da competição. O jogo foi realizado no Estádio Puskás Aréna, em Budapeste, na Hungria.",Esporte
Maio,"3 de maio — Na Sérvia, nove pessoas foram mortas, oito das quais eram crianças, e sete ficaram feridas em um tiroteio na Escola Primária 'Vladislav Ribnikar' em Belgrado, capital do país balcã.",Desastres
Maio,"20 de maio — Um tumulto entre os torcedores dos times de futebol salvadorenhos Alianza e FAS termina com pelo menos 12 pessoas mortas e dezenas de feridas, no estádio Cuscatlán, em San Salvador, capital de El Salvador.",Desastres
Maio,21 de maio — Vinícius Júnior sofre racismo pela 10ª vez na Espanha.,Desastres
Maio,"4 de maio — Uma série de inundações e deslizamentos de terra atinge aldeias no leste da República Democrática do Congo, deixando mais de 400 mortos.",Ecossistema
Maio,"16 de maio — Fortes chuvas causam inundações na região de Emília-Romanha, Itália, deixando pelo menos 13 pessoas mortas e outras 36.600 desabrigadas. O GP da Emilia-Romanha de Fórmula 1 é cancelado.",Ecossistema
Maio,"21 de maio — O Monte Etna, o vulcão mais ativo da Europa, entra em erupção, despejando cinzas em Catânia, na Sicília, Itália e interrompe voos no aeroporto local.",Ecossistema
Maio,5 de maio — A OMS decreta o fim da emergência global sanitária perante a COVID-19.,Ciência e Tecnologia
Maio,11 de maio — A OMS termina a sua declaração de Mpox como uma emergência de saúde global.,Ciência e Tecnologia
Junho,"11 de junho — Honduras abre a sua primeira embaixada em Pequim, na China, depois de ter rompido relações com Taiwan.",Política
Junho,"16 de junho — A Rússia confirma a transferência de um primeiro lote de armas nucleares para a Bielorrússia, no contexto da guerra na Ucrânia.",Política
Junho,"19 de junho — A Assembleia Geral das Nações Unidas adota por unanimidade o Tratado de Alto Mar, o primeiro tratado destinado à conservação marinha em águas internacionais.",Política
Junho,"23 de junho — Rebelião do Grupo Wagner: Membros do Grupo Wagner, uma organização militar privada russa, liderado por Yevgeny Prigozhin, se rebelam contra o governo de Vladimir Putin após um ataque aéreo às suas bases na Ucrânia. Os mercenários iniciam uma marcha armada em direção a Moscou, enfrentando a resistência das forças de segurança russas. Putin denuncia a rebelião como uma traição à pátria e ordena uma resposta 'implacável'. A comunidade internacional condena a violência e pede o diálogo entre as partes envolvidas.",Política
Junho,"27 de junho — A morte do adolescente de origem argelina chamado Nahel M. depois de ser baleado pela polícia francesa em Nanterre, subúrbio a oeste de Paris, causa uma onda de protestos e tumultos em toda a nação europeia, tendo mais de 700 presos e 2.800 pessoas detidas.",Política
Junho,"30 de junho — O Tribunal Superior Eleitoral (TSE) condena o ex-presidente Jair Bolsonaro a 8 anos de inelegibilidade por abuso de poder político e uso indevido dos meios de comunicação durante um evento com embaixadores em julho de 2022, no qual atacou as urnas eletrônicas, sem provas, de que elas não seriam seguras. A decisão foi tomada por 5 votos a 2.",Política
Junho,"30 de junho — O Conselho de Segurança das Nações Unidas vota por unanimidade o fim da MINUSMA, a sua missão de manutenção da paz no Mali.",Política
Junho,"10 de junho — Morre, aos 81 anos, o ecoterrorista Theodore Kaczynski, conhecido como Unabomber.",Falecimentos e Nascimentos
Junho,"12 de junho — Morre, aos 86 anos, o ex-primeiro-ministro italiano e ex-dono do AC Milan Silvio Berlusconi.",Falecimentos e Nascimentos
Junho,"7 de junho — O West Ham é campeão da Liga Conferência Europa da UEFA de 2022–23 após vencer a Fiorentina por 2 a 1, conquistando seu primeiro título da competição. O jogo foi realizado no Estádio Sinobo, em Praga, na Chéquia.",Esporte
Junho,"10 de junho — O Manchester City é campeão da Liga dos Campeões da UEFA de 2022–23 após vencer a Internazionale por 1 a 0, conquistando de forma invicta seu primeiro título da competição. O jogo foi realizado no Estádio Olímpico Atatürk, em Istambul, na Turquia.",Esporte
Junho,"11 de junho — Realização da 23ª Copa do Mundo FIFA Sub-20 na Argentina (que seria originalmente sediada na Indonésia, que não aceitou a presença da Seleção Israelense), tendo como a seleção campeã o Uruguai.",Esporte
Junho,"2 de junho — Na Índia, pelo menos 288 pessoas morrem e mais de 1 000 ficaram feridas depois de dois comboios de passageiros terem descarrilado num acidente que incluiu uma colisão com um comboio de carga no distrito de Balasore, no estado indiano de Odisha.",Desastres
Junho,"15 de junho — Um barco com cerca de 700 imigrantes de diferentes nacionalidades naufraga no Mar Mediterrâneo, a 80 km da costa grega. A embarcação havia saído da Líbia com destino à Europa, mas enfrentou uma forte tempestade que provocou o afundamento. Apenas 104 pessoas foram resgatadas com vida pela Guarda Costeira grega, que iniciou uma operação de busca e salvamento. O naufrágio é considerado uma das maiores tragédias humanitárias envolvendo migrantes na história recente.",Desastres
Junho,"22 de junho — Confirma-se a implosão do submarino turístico da empresa OceanGate Expeditions, que realizava uma expedição ao naufrágio do Titanic, matando os 5 ocupantes a bordo. Entre as vítimas estão o explorador Hamish Harding, o magnata paquistanês Shahzada Dawood e seu filho Suleman, o oceanógrafo francês e especialista em Titanic Paul-Henri Nargeolet, e o fundador e CEO da OceanGate Stockton Rush.",Desastres
Junho,"6 de junho — Devido a fumaça dos incêndios florestais no Canadá, a cidade de Nova Iorque, nos Estados Unidos, foi declarada como tendo a pior qualidade do ar de todas as cidades do mundo.",Ecossistema
Junho,"28 de junho — Incêndios florestais no Canadá queimam mais de 77,9 mil km², sendo o número mais alto dos últimos 40 anos no país. Além disso, bateram o recorde de poluição, com 160 milhões de toneladas de carbono emitidas.",Ecossistema
Junho,"14 de junho — Cientistas relatam a criação do primeiro embrião humano sintético a partir de células-tronco, sem necessidade de espermatozoides ou óvulos.",Ciência e Tecnologia
Junho,"29 de junho — A empresa de turismo espacial Virgin Galactic completa seu primeiro voo comercial, com quatro passageiros italianos a bordo do avião espacial VSS Unity. A missão nomeada 'Galactic 01' também foi utilizada para realizar experimentos sobre microgravidade.",Ciência e Tecnologia
Julho,"2 de julho — No Afeganistão, o governo talibã decreta o encerramento total dos salões de beleza femininos, marcando mais um episódio negro para as mulheres no Afeganistão.",Política
Julho,"4 de julho — O Irã adere à Organização para Cooperação de Xangai, tornando-se o nono membro da organização.",Política
Julho,"8 de julho — Nos Países Baixos, a coligação governamental colapsa e o Primeiro-Ministro Mark Rutte anuncia a sua demissão.",Política
Julho,26 de julho — Abdourahamane Tchiani assume o controle da presidência do Níger após soldados da guarda presidencial do país retirarem do cargo o ex-presidente Mohamed Bazoum.,Política
Julho,"19 de julho — O Sevilla é campeão do Desafio de Clubes da UEFA–CONMEBOL de 2023 após vencer o Independiente del Valle por 4 a 1 nas penalidades, conquistando a primeira edição da competição. O jogo foi realizado Estádio Ramón Sánchez Pizjuán, em Sevilha, na Espanha.",Esporte
Julho,"20 de julho — Ocorre a Copa do Mundo de Futebol Feminino de 2023, realizado na Austrália e na Nova Zelândia e tendo como país vencedor a Espanha.",Esporte
Julho,"3 de julho — Soldados israelenses invadem Jenin, na Cisjordânia, matando pelo menos oito e ferindo mais de cinquenta.",Desastres
Julho,30 de julho — Singapura executa primeira mulher por tráfico de drogas em quase 20 anos.,Desastres
Julho,"30 de julho — Em Khar, no Paquistão, um ataque suicida deixou 63 mortos e mais de 200 feridos. O Estado Islâmico de Coraçone assumiu a responsabilidade pelo ataque.",Desastres
Julho,"23 de julho — Dezenas de milhares de turistas fogem de Rodes, na Grécia, em meio a incêndios florestais e uma grande onda de calor, no que as autoridades dizem ser a maior evacuação na história do país.",Ecossistema
Agosto,15 de agosto — Santiago Peña toma posse como presidente do Paraguai.,Política
Agosto,"24 de agosto — Durante a cúpula do BRICS realizada em Joanesburgo, na África do Sul, o presidente sul-africano Cyril Ramaphosa anunciou a entrada de mais seis membros (Argentina, Arábia Saudita, Egito, Emirados Árabes Unidos, Etiópia e Irã) ao grupo a partir de janeiro de 2024.",Política
Agosto,"30 de agosto — No Gabão, logo após as eleições presidenciais, militares promovem um golpe de Estado, destituindo o presidente reeleito Ali Bongo.",Política
Agosto,"9 de agosto — Fernando Villavicencio, candidato à presidência do Equador, é assassinado na saída de um comício em Quito.",Falecimentos e Nascimentos
Agosto,"2 de agosto — O Brasil é eliminado na Copa do Mundo de Futebol Feminino de 2023, após o empate contra a Jamaica.",Esporte
Agosto,"16 de agosto — O Manchester City é campeão da Supercopa da UEFA de 2023 após vencer o Sevilla por 5 a 4 nas penalidades, conquistando o seu primeiro título da competição. O jogo foi realizado no Estádio Karaiskakis, em Pireu, na Grécia.",Esporte
Agosto,"23 de agosto — O líder do Grupo Wagner, Yevgeny Prigozhin, o fundador Dmitry Utkin e mais oito pessoas morrem quando o avião em que viajavam caiu na Rússia.",Desastres
Agosto,"31 de agosto — Um incêndio atinge um edifício abandonado ocupado por moradores de rua em Joanesburgo, África do Sul, matando ao menos 77 pessoas.",Desastres
Agosto,"5 de agosto — Durante sua passagem no Sudeste Asiático, o supertufão Doksuri (chamado Egay nas Filipinas) provoca as chuvas mais fortes na China em 140 anos, deixando pelo menos 62 mortos no país e 39 mortos nas Filipinas.",Ecossistema
Agosto,"8 de agosto — 17 000 acres de terra são queimados e pelo menos 98 pessoas morrem, estando outras 31 desaparecidas, quando uma série de incêndios florestais deflagra na ilha de Maui, no Havaí.",Ecossistema
Agosto,15 de agosto — Apagão atinge 26 das 27 unidades federativas do Brasil.,Ecossistema
Agosto,"23 de agosto — A Chandrayaan-3 da Índia torna-se a primeira nave espacial a aterrar perto do polo sul da Lua, transportando um módulo de aterragem lunar chamado Vikram e um rover lunar chamado Pragyan.",Ciência e Tecnologia
Agosto,"1 à 6 de agosto — Acontece a XXXIII Jornada Mundial da Juventude em Lisboa, Portugal.",Turismo
Setembro,"9 de setembro — Na 18ª Cimeira do G20 em Nova Deli, a União Africana é anunciada como o 21º membro permanente do G20.",Política
Setembro,"13 de setembro — Começaram as buscas pelo brasileiro Danilo Cavalcante na Pensilvânia, Estados Unidos, onde fugiu de uma prisão de segurança máxima. Ele foi condenado a prisão perpétua no país acusado de matar a ex-namorada a facadas. O mesmo foi encontrado e recapturado duas semanas depois.",Política
Setembro,"19 de setembro — Conflito do Alto Carabaque: O Azerbaijão lança uma ofensiva militar contra a República de Artsaque, apoiada pela Armênia, que termina com uma rápida vitória do Azerbaijão.",Política
Setembro,"28 de setembro — Artsaque anuncia a dissolução das instituições governamentais e a sua futura dissolução em 1 de janeiro de 2024, na sequência de um decreto assinado pelo Presidente de Artsaque, Samvel Shahramanyan.",Política
Setembro,"12 de setembro — Taylor Swift ganha 9 troféus no MTV VMA 2023 e bate o recorde de vitórias em uma noite de premiação do evento, que antes pertencia a Lady Gaga.",Arte
Setembro,"28 de setembro — Morre, aos 82 anos, o ator Michael Gambon, segundo ator que interpretou o personagem Alvo Dumbledore nos filmes da saga Harry Potter.",Falecimentos e Nascimentos
Setembro,"1 de setembro — O piloto brasileiro Gabriel Bortoleto conquista o título da Fórmula 3, se tornando o primeiro brasileiro a ser campeão na Fórmula 3 que é uma das categorias de acesso à Fórmula 1.",Esporte
Setembro,9 de setembro — Filipe Toledo é bicampeão mundial de surfe na WSL e Brasil conquista seu 7º título mundial na história.,Esporte
Setembro,"10 de setembro — A Alemanha vence a Sérvia na final da Copa do Mundo de Basquete Masculino, disputada em Manila, Filipinas, e conquista o título inédito de forma invicta. O Canadá conquista seu primeiro pódio em uma Copa do Mundo.",Esporte
Setembro,"10 de setembro — Mundial de Basquete Masculino de 2023, que foi realizado pela primeira vez em três sedes diferentes, sendo elas Indonésia, Filipinas e Japão.",Esporte
Setembro,"24 de setembro — O São Paulo se torna campeão da Copa do Brasil de 2023 após vencer o Flamengo por 2 a 1 no placar agregado, conquistando seu primeiro título da competição. O jogo foi realizado no Estádio Cícero Pompeu de Toledo, também conhecido como Morumbi, na capital paulista, no Brasil.",Esporte
Setembro,"25 de setembro — Estima-se que 170 pessoas morreram e mais de 300 ficaram feridas durante uma explosão em um posto de gasolina em Estepanaquerte, Alto Carabaque.",Desastres
Setembro,4 de setembro — A passagem de um ciclone extratropical na região Sul causa muita destruição e deixa dezenas de mortos no Rio Grande do Sul. Autoridades consideram o evento o maior desastre natural no estado nos últimos 40 anos.,Ecossistema
Setembro,"8 de setembro — Um terremoto de magnitude de 6,8 na escala Richter atinge o Marrocos, deixando mais de 2 mil mortos e milhares de feridos.",Ecossistema
Setembro,10 de setembro — Enchentes provocadas pela Tempestade Daniel deixam mais de 5 mil mortos e 10 mil desaparecidos na Líbia.,Ecossistema
Setembro,"26 de setembro — Em Qaraqosh, Iraque, um forte incêndio foi registrado durante a celebração de um casamento, causando a morte de pelos menos 94 pessoas e deixando mais de 100 pessoas feridas.",Ecossistema
Setembro,"2 de setembro — A Organização Indiana de Pesquisa Espacial (ISRO) lança com sucesso Aditya-L1, a primeira missão de observação solar da Índia.",Ciência e Tecnologia
Outubro,"3 de outubro — Kevin McCarthy é destituído do cargo de Presidente da Câmara dos Representantes dos Estados Unidos, sendo a primeira vez em 234 anos que um presidente da Casa é deposto.",Política
Outubro,8 de outubro — O Primeiro-ministro israelense Benjamin Netanyahu declara guerra ao Hamas depois do ataque terrorista que deixou mais de 600 mortos em Gaza.,Política
Outubro,"15 de outubro — No segundo turno das eleições gerais equatorianas de 2023, Daniel Noboa, da Ação Democrática Nacional, é eleito o presidente mais jovem da história do Equador.",Política
Outubro,"24 de outubro — O regime de Daniel Ortega dissolve ordem católica franciscana e denominações evangélicas, além de outras 16 organizações não governamentais ligadas à Igreja Católica na Nicarágua.",Política
Outubro,"28 de outubro — Morre, aos 54 anos, o ator e escritor norte-americano-canadense Matthew Perry, famoso por seu papel como Chandler Bing na série Friends.",Falecimentos e Nascimentos
Outubro,"7 de outubro — Na Fórmula 1, o neerlandês Max Verstappen se torna campeão mundial da categoria pela terceira vez consecutiva ao ficar em segundo lugar na corrida sprint do GP do Catar de 2023.",Esporte
Outubro,"28 de outubro — A Liga Deportiva Universitaria, ou LDU, sagra-se campeã da Copa Sul-Americana de 2023 após vencer o Fortaleza pelo placar de 4 a 3 nas penalidades, conquistando seu segundo título da competição. A partida foi realizada no Estádio Domingo Burgueño, em Maldonado, no Uruguai.",Esporte
Outubro,"28 de outubro — A África do Sul se torna campeã da Copa do Mundo de Rugby Union de 2023 após vencer a Nova Zelândia, conquistando seu quarto título mundial.",Esporte
Outubro,"7 de outubro — Terroristas do Hamas lançam um ataque a partir da Faixa de Gaza, infiltrando-se no sul de Israel e provocando uma resposta militar completa das Forças de Defesa do país. O ataque deixou centenas de mortos e milhares de feridos.",Desastres
Outubro,"17 de outubro — Em Gaza, o Bombardeio do Hospital Árabe Al-Ahli matou 471 pessoas, em um dos episódios mais mortíferos na guerra Israel-Hamas.",Desastres
Outubro,"25 de outubro — Um atirador invadiu um bar e uma pista de boliche em Lewiston, no Maine, nos EUA, e disparou contra frequentadores dos locais, matando 18 pessoas e ferindo outras 13. Dois dias depois, o autor do tiroteio foi encontrado morto em uma floresta da região. O massacre foi considerado o mais mortal do ano no país.",Desastres
Outubro,"29 de outubro — Um avião de pequeno porte que fazia táxi aéreo caiu em Rio Branco, no Acre, matando todas as 12 pessoas que estavam a bordo.",Desastres
Outubro,"7 à 15 de outubro — Uma série de terremotos ocorreram na província de Herate, no Afeganistão, matando mais de 1.000 pessoas e ferindo quase 2.000, com tremores sentidos no Irã e no Turquemenistão. Os terremotos são os mais mortíferos no país desde 1998.",Ecossistema
Outubro,"11 de outubro — Devido à fumaça de queimadas, Manaus, no Amazonas, é colocada entre as cidades com pior qualidade do ar no mundo.",Ecossistema
Outubro,"16 de outubro — Seca histórica no Amazonas: O Rio Negro tem a pior seca em 121 anos, ao atingir 13,59 metros em Manaus. A estiagem afetou 557 mil pessoas em todo o estado.",Ecossistema
Outubro,"25 de outubro — O Furacão Otis, de categoria 5, atinge severamente a costa mexicana do Pacífico, sendo Acapulco, Guerrero, a mais afetada e devastada pelo ciclone tropical. A passagem do furacão deixou ao menos 39 mortos e 10 feridos, além de ter causado graves danos materiais.",Ecossistema
Outubro,"28 de outubro — Incêndio em mina de carvão pertencente a ArcelorMittal em Karaganda, no Cazaquistão deixa ao menos 45 mineiros mortos. O incêndio foi o pior do tipo no país desde 2006.",Ecossistema
Outubro,4 de outubro — O Google lança o Android 14.,Ciência e Tecnologia
Outubro,"14 de outubro — Eclipse solar anular que pôde ser observado na América do Norte (exceto em parte da Groenlândia), em toda a América Central e na América do Sul (exceto no sul do Chile e da Argentina).",Ciência e Tecnologia
Novembro,"7 de novembro — O Primeiro-Ministro de Portugal, António Costa, demite-se do cargo após suspeitas criminais contra o Governo.",Política
Novembro,19 de novembro — Javier Milei é eleito o 52° presidente da Argentina.,Política
Novembro,"22 de novembro — O Partido pela Liberdade (PVV), de extrema-direita de Geert Wilders, ganha o maior número de assentos nas eleições gerais dos Países Baixos.",Política
Novembro,"3 de novembro — Morre, aos 68 anos, a atriz Elizângela, uma das mais conhecidas da teledramaturgia e ganhadora de vários prêmios.",Falecimentos e Nascimentos
Novembro,"7 de novembro — Morre, aos 95 anos, o astronauta Frank Borman, que serviu como comandante da missão Apollo 8, a primeira missão humana a orbitar a Lua em 1968.",Falecimentos e Nascimentos
Novembro,"4 de novembro — O Fluminense vence o Boca Juniors por 2 a 1 na prorrogação e conquista a Copa Libertadores da América pela primeira vez. A final foi disputada no Estádio do Maracanã, Rio de Janeiro.",Esporte
Novembro,"5 de novembro — O Brasil termina os Jogos Pan-Americanos de 2023 na segunda colocação geral com um recorde de 205 medalhas, fazendo sua melhor atuação na história do evento.",Esporte
Novembro,26 de novembro — O piloto italiano Francesco Bagnaia venceu a etapa de Valência da MotoGP e se tornou bicampeão mundial da modalidade.,Esporte
Novembro,"3 de novembro — Incêndio em centro de reabilitação para dependentes químicos deixa ao menos 32 mortos e 16 feridos em Langarud, no Irã.",Desastres
Novembro,"30 de novembro — Ataque terrorista deixa três mortos e 16 feridos em Jerusalém, Israel. O Hamas assumiu a autoria do ataque.",Desastres
Novembro,"3 de novembro — Um terremoto de magnitude 6,4 atinge a região de Jajarkot, no Nepal, deixando mais de 150 mortos.",Ecossistema
Novembro,"8 de novembro — Inicia uma nova onda de calor no Brasil, com vários estados registrando temperaturas acima de 40 ºC.",Ecossistema
Novembro,"17 de novembro — Pela primeira vez, o mundo registra um dia com temperatura média global 2 °C acima dos níveis da era pré-industrial (1850-1900).",Ecossistema
Novembro,"19 de novembro — Na cidade de Araçuaí, em Minas Gerais, termômetros marcaram 44,8°C, a maior temperatura já registrada na história do Brasil. O recorde anterior tinha sido de 44,7°C em Bom Jesus, no Piauí, em 21 de novembro de 2005.",Ecossistema
Novembro,"9 de novembro — No centro médico NYU Langone Health em Nova Iorque, nos Estados Unidos, médicos realizaram o primeiro transplante de um olho inteiro da história da medicina.",Ciência e Tecnologia
Novembro,21 de novembro — A Coreia do Norte afirma ter colocado o seu primeiro satélite espião Malligyong-1 em órbita.,Ciência e Tecnologia
Dezembro,1 de dezembro — Brasil assume a presidência do G20.,Política
Dezembro,10 de dezembro — Javier Milei assume a presidência da Argentina.,Política
Dezembro,"16 de dezembro — Mishal Al-Ahmad Al-Jaber Al-Sabah torna-se Emir do Kuwait após morte de seu meio-irmão, Nawaf Al-Ahmad Al-Jaber Al-Sabah.",Política
Dezembro,7 de dezembro — A Bolívia se torna um Estado-membro do Mercosul.,Economia
Dezembro,"12 de dezembro — Na cúpula climática COP28 em Dubai, Emirados Árabes Unidos, chega-se a um consenso para que os países “façam a transição” dos combustíveis fósseis, o primeiro acordo deste tipo nos 30 anos de história da conferência.",Economia
Dezembro,"6 de dezembro — O Palmeiras conquista o seu 12.° título do Campeonato Brasileiro de Futebol após ser campeão da edição de 2023, empatando com o Cruzeiro na última rodada do campeonato. O clube alcançou o feito de conquistar o bicampeonato consecutivo mais uma vez ao triunfar na edição de 2022. Além disso, o Santos foi rebaixado pela primeira vez em sua história.",Esporte
Dezembro,"22 de dezembro — O Manchester City conquista a Copa do Mundo de Clubes da FIFA pela 1.° vez, vencendo o Fluminense por 4×0 na final.",Esporte
Dezembro,"6 de dezembro — Ataque a tiros na Universidade de Nevada, em Las Vegas, Nevada, Estados Unidos, deixou três mortos. O autor do ataque foi morto pela polícia.",Desastres
Dezembro,"2 de dezembro — Vários terremotos ocorreram na costa da ilha de Mindanau, Filipinas, sendo o mais forte de magnitude 7,6, que deixou ao menos três pessoas mortas e oito feridas.",Ecossistema
Dezembro,"17 de dezembro — Tempestade com rajadas de ventos de até 150 km/h matou 13 pessoas e deixou outras 14 feridas em Bahía Blanca, Buenos Aires, Argentina.",Ecossistema
Dezembro,"2 de dezembro — Como resposta ao lançamento de um satélite espião pelo vizinho do Norte, a Coreia do Sul lança seu primeiro satélite do tipo, a bordo do foguete Falcon 9 da SpaceX.",Ciência e Tecnologia
Dezembro,4 de dezembro — Grand Theft Auto VI tem seu trailer anunciado 1 dia antes do previsto devido a vazamentos.,Ciência e Tecnologia
Dezembro,"27 de dezembro — Morre aos 94 anos, Gaston Glock, o inventor da pistola. A causa da morte não foi divulgada.",Falecimentos e Nascimentos
Dezembro,"27 de dezembro — Morre aos 37 anos, o youtuber PC Siqueira",Falecimentos e Nascimentos
Dezembro,"27 de dezembro — Morre aos 98 anos, Jacques Delors, o pai do euro.",Falecimentos e Nascimentos
